metric,native-value,docker-value,statistically-significant,effect-size
wall-time-seconds,9.135188937763298-9.861811062236702,10.380093790946123-11.10190620905388,True,1.08x-1.18x
