metric,native-value,docker-value,statistically-significant,effect-size
wall-time-seconds,3.7745259037892716-4.055474096210729,5.179552270644075-5.361447729355925,True,1.30x-1.39x
