metric,native-value,docker-value,statistically-significant,effect-size
wall-time-seconds,6.051692309098824-6.4923076909011765,7.485087496609612-8.008912503390391,True,1.18x-1.29x
