metric,docker-value,native-value,statistically-significant,effect-size
wall-time-seconds,7.500983807248359-7.996016192751641,6.0557587941430615-6.330241205856938,True,1.21x-1.30x
